descr_tipo;objeto;fornecedor;data_inicio;data_fim;total_contrato;registro_cadastral;descr_situacao
SERVIÇO;"EXECUÇÃO DE SERVIÇOS DE RECUPERAÇÃO FUNCIONAL DO PAVIMENTO ASFÁLTICO EM DIVERSAS VIAS URBANAS - REGIÃO DO CENTRO
";"GRADUAL ENGENHARIA E CONSULTORIA EIRELI";30/04/2026;30/04/2027;4702673.71;209651;ATIVO
SERVIÇO;"EXECUÇÃO DE SERVIÇOS DE RECUPERAÇÃO FUNCIONAL DO PAVIMENTO ASFÁLTICO EM DIVERSAS VIAS URBANAS - REGIÃO DO IMBIRUSSU";"CONSTRUTORA RIAL LTDA";30/04/2026;30/04/2027;4045000.00;209872;ATIVO
SERVIÇO;"EXECUÇÃO DE SERVIÇOS DE RECUPERAÇÃO FUNCIONAL DO PAVIMENTO ASFÁLTICO EM DIVERSAS VIAS URBANAS - REGIÃO DO PROSA
";"ANDRE L. DOS SANTOS LTDA";30/04/2026;30/04/2027;6153797.28;209619;ATIVO
SERVIÇO;"EXECUÇÃO DE SERVIÇOS DE RECUPERAÇÃO FUNCIONAL DO PAVIMENTO ASFÁLTICO EM DIVERSAS VIAS URBANAS - REGIÃO DO BANDEIRA
";"RR BARROS SERVIÇOS E CONSTRUÇÕES LTDA";30/04/2026;30/04/2027;6199000.00;209660;ATIVO
SERVIÇO;"EXECUÇÃO DE SERVIÇOS DE RECUPERAÇÃO FUNCIONAL DO PAVIMENTO ASFÁLTICO EM DIVERSAS VIAS URBANAS - REGIÃO DO ANHANDUIZINHO 
";"CONSTRUTORA RIAL LTDA";30/04/2026;30/04/2027;6763196.87;209635;ATIVO
SERVIÇO;"EXECUÇÃO DE SERVIÇOS DE RECUPERAÇÃO FUNCIONAL DO PAVIMENTO ASFÁLTICO EM DIVERSAS VIAS URBANAS - REGIÃO DO LAGOA
";"RELEVO ENGENHARIA LTDA";30/04/2026;30/04/2027;5220414.62;209643;ATIVO
AQUISIÇÃO;"AQUISIÇÃO DE MÁQUINAS E EQUIPAMENTOS AGRÍCOLAS - PLATAFORMA + BRASIL";"FORZA DISTRIBUIDORA LTDA";30/03/2026;30/03/2027;1479900.00;207810;ATIVO
AQUISIÇÃO;"AQUISIÇÃO DE MOUSES";"COMERCIAL LUANE LTDA";29/04/2026;29/04/2027;1597.50;209570;ATIVO
"DEMANDA JUDICIAL";"PRESTAÇÃO DE SERVIÇO HOME CARE";"INOVE SOLUÇÕES AUDITIVAS LTDA";28/01/2026;28/01/2027;45498.92;208329;ATIVO
"DEMANDA JUDICIAL";"PRESTAÇÃO DE SERVIÇOS DE HOME CARE";"INOVE SOLUÇÕES AUDITIVAS LTDA";28/01/2026;28/01/2027;22394.50;207284;ATIVO
"DEMANDA JUDICIAL";"PRESTAÇÃO DE SERVIÇO HOME CARE";"INOVE SOLUÇÕES AUDITIVAS LTDA";28/01/2026;28/01/2027;60998.31;206954;ATIVO
"DEMANDA JUDICIAL";"PRESTAÇÃO DE SERVIÇO HOME CARE";"INOVE SOLUÇÕES AUDITIVAS LTDA";28/01/2026;28/01/2027;42199.35;208337;ATIVO
"DEMANDA JUDICIAL";"PRESTAÇÃO DE SERVIÇOS DE HOME CARE ";"INOVE SOLUÇÕES AUDITIVAS LTDA";28/01/2026;28/01/2027;32495.00;207900;ATIVO
FORNECIMENTO;"FORNECIMENTO EMERGENCIAL DE CATETER VENOSO PERIFÉRICO CALIBRES 20G E 24G PARA ATENDER ÀS UNIDADES DE SAÚDE DA REMUS
 ";"RCA SAÚDE COMÉRCIO E REPRESENTAÇÕES LTDA";27/04/2026;27/10/2026;1635848.40;209384;ATIVO
"DEMANDA JUDICIAL";"PRESTAÇÃO DE SERVIÇO DE HOME CARE";"JC SOLUÇÕES EM SAÚDE DOMICILIAR LTDA";27/01/2026;27/01/2027;73499.88;208248;ATIVO
"DEMANDA JUDICIAL";"PRESTAÇÃO DE SERVIÇO HOME CARE";"HOME VIDA E SAUDE LTDA";27/01/2026;27/01/2027;74280.00;207667;ATIVO
AQUISIÇÃO;"AQUISIÇÃO DE MÁQUINAS E EQUIPAMENTOS AGRÍCOLAS - PLATAFORMA + BRASIL";"IKIGAI COMERCIO LTDA";26/03/2026;26/03/2027;270400.00;207853;ATIVO
AQUISIÇÃO;"AQUISIÇÃO DE MATERIAIS ELÉTRICOS";"FENIX COMERCIO E CONSTRUÇÕES LTDA";26/03/2026;26/03/2027;139355.10;209473;ATIVO
AQUISIÇÃO;"AQUISIÇÃO DE MÁQUINAS E EQUIPAMENTOS AGRÍCOLAS - PLATAFORMA + BRASIL";"CIDAMAQ MÁQUINAS E IMPLEMENTOS AGRÍCOLAS EIRELI";26/03/2026;26/03/2027;192455.00;207918;ATIVO
AQUISIÇÃO;"AQUISIÇÃO DE MÁQUINAS E EQUIPAMENTOS AGRÍCOLAS - PLATAFORMA + BRASIL";"5A MAQUINAS LTDA";26/03/2026;26/03/2027;102200.00;207713;ATIVO
AQUISIÇÃO;"AQUISIÇÃO DE MÁQUINAS E EQUIPAMENTOS AGRÍCOLAS - PLATAFORMA + BRASIL";"COMAK COMERCIO E REPRESENTACOES DE PECAS MAQUINAS E IMPLEMENTOS AGRICOLAS LTDA";26/03/2026;26/03/2027;1216000.00;207926;ATIVO
AQUISIÇÃO;"AQUISIÇÃO DE MÁQUINAS E EQUIPAMENTOS AGRÍCOLAS - PLATAFORMA + BRASIL";"COMERCIAL NPB DE MAQUINAS LTDA";26/03/2026;26/03/2027;268199.00;207837;ATIVO
SERVIÇO;"CONFECÇÃO DE CARIMBOS PERSONALIZADOS E AQUISIÇÃO DE CARIMBOS, REFIS E TINTAS";"SOBRAL - CHAVES E CARIMBOS LTDA";26/02/2026;26/02/2027;73290.14;208949;ATIVO
AQUISIÇÃO;"Aquisição de leite - tipo integral";"UEDER SILVA FEITOSA LTDA";25/03/2026;25/03/2027;286000.00;209171;ATIVO
"DEMANDA JUDICIAL";"PRESTAÇÃO DE SERVIÇOS DE HOME CARE";"INOVE SOLUÇÕES AUDITIVAS LTDA";25/03/2026;25/03/2027;42498.63;208809;ATIVO
OBRAS;"REFORMA DO CENTRO  ESPECIALIZADO MUNICIPAL PRESIDENTE JÂNIO DA SILVA QUADROS-CEM
";"MC CONSTRUTORA LTDA";25/02/2026;09/06/2029;7049920.19;208434;ATIVO
AQUISIÇÃO;"AQUISIÇÃO DE EQUIPAMENTOS ODONTOLÓGICOS ";"DIRECTA COMERCIO E PRODUTOS HOSPITALARES LTDA";24/04/2026;24/04/2027;393450.00;208671;ATIVO
AQUISIÇÃO;"AQUISIÇÃO DE TECLADOS";"NACIONAL COMÉRCIO DE EMBALAGENS LTDA";24/04/2026;24/04/2027;5025.00;209597;ATIVO
SERVIÇO;"PRESTAÇÃO DE SERVIÇO CONTINUADO DE MONITORAMENTO E RASTREAMENTO VEICULAR
";"AIROTRACKER MONITORAMENTO 24 HORAS LTDA";24/02/2026;24/02/2027;17796.92;208817;ATIVO
AQUISIÇÃO;"Aquisição de copos de água e gelo triturado.";"N & N COMÉRCIO DE PRODUTOS LTDA";23/04/2026;23/04/2027;6760.00;210404;ATIVO
AQUISIÇÃO;"AQUISIÇÃO DE CAFÉ";"C. L. R. COMÉRCIO DE PRODUTOS DE HIGIENE E LIMPEZA, SANEANTE, GÊNERO ALIM. E MÉDICO HOSP. LTDA";23/03/2026;23/03/2027;32594.95;209252;ATIVO
DIVIDA;"Parcelamento de débitos previdenciários INSS em 60 parcelas.";"INSTITUTO NACIONAL DO SEGURO SOCIAL";23/01/2026;23/12/2030;4692446.61;208612;ATIVO
AQUISIÇÃO;"Aquisição de gêneros alimentícios - lácteos e especiais";"CGA NEGOCIOS E DISTRIBUIÇÃO LTDA";22/01/2026;26/01/2027;147706.34;207209;ATIVO
OBRAS;"Execução de obras padronizadas para construção de praças sob demanda.";"TITANIUM CONSTRUÇÕES E PAVIMENTAÇÃO LTDA";20/03/2026;20/03/2027;1130687.13;209864;ATIVO
AQUISIÇÃO;"REGISTRO DE PREÇOS PARA EVENTUAL AQUISIÇÃO DE MATERIAIS DE CONSUMO (CHÁ E AÇÚCAR)
";"LUX COMERCIO E SERVIÇOS LTDA";20/03/2026;20/03/2027;699.00;209260;ATIVO
AQUISIÇÃO;"AQUISIIÇÃO DE KIT DE MATERIAL ESCOLAR";"BIGNARDI - INDÚSTRIA E COMÉRCIO DE PAPÉIS E ARTEFATOS LTDA";20/02/2026;20/02/2027;4205634.31;208558;ATIVO
SERVIÇO;"CONTRATAÇÃO DE SERVIÇOS ,POR INTERMÉDIO DE OPERADORA OU AGÊNCIA DE VIAGENS,PARA COTAÇÃO,RESERVA,EMISSÃO,REEMISSÃO,MARCAÇÃO,REMARCAÇÃO E CANCELAMENTO DE PASSAGENS AÉREAS(NACIONAL E INTERNACIONAL)";"ALLERETOUR VIAGENS E TURISMO LTDA";19/03/2026;11/02/2031;231200.00;208779;ATIVO
AQUISIÇÃO;"REGISTRO DE PREÇOS PARA EVENTUAL AQUISIÇÃO DE MATERIAIS DE CONSUMO (CHÁ E AÇÚCAR)
";"PONTUAL DISTRIBUIDORA DE ALIMENTOS LTDA";18/03/2026;18/03/2027;77760.40;209287;ATIVO
AQUISIÇÃO;"AQUISIÇÃO DE MÁQUINA DE DEMARCAÇÃO VIÁRIA";"INDUSTRIA TÉCNICA HILÁRIO LTDA";17/04/2026;17/04/2027;322000.00;209988;ATIVO
AQUISIÇÃO;"REGISTRO DE PREÇOS PARA EVENTUAL AQUISIÇÃO DE MATERIAIS DE CONSUMO (CHÁ E AÇÚCAR)
";"POLARIS COMERCIO DE ALIMENTOS LTDA";17/03/2026;17/03/2027;77435.40;209279;ATIVO
AQUISIÇÃO;"Aquisição de cestas básicas.";"UEDER SILVA FEITOSA LTDA";17/03/2026;17/03/2027;1426860.00;208957;ATIVO
SERVIÇO;"EXECUÇÃO DA CONCLUSÃO DA OBRA DA UNIDADE BÁSICA DE SAÚDE DA FAMÍLIA - UBSF JARDIM DAS PERDIZES
";"PREDIAL CONSTRUÇÕES LTDA";16/04/2026;12/12/2026;1604000.00;209856;ATIVO
SERVIÇO;"CONTRATAÇÃO DE SEGUROS DE PASSAGEIROS DE ÔNIBUS ESCOLARES";"GENTE SEGURADORA S A";16/03/2026;16/03/2027;29753.94;207640;ATIVO
SERVIÇO;"CONTRATAÇÃO DE SERVIÇOS A SER PRESTADO POR INSTITUIÇÃO FINANCEIRA OFICIAL
";"BANCO DO BRASIL SA";16/03/2026;16/03/2027;4104.19;208256;ATIVO
AQUISIÇÃO;"Aquisição de gêneros alimenticios - lácteos e especiais";"JL COMERCIO E DISTRIBUICAO DE PRODUTOS NUTRICIONAIS LTDA";16/01/2026;16/01/2027;45219.60;207195;ATIVO
SERVIÇO;"MANUTENÇÃO DE PRÓPRIOS PÚBLICOS ";"TITANIUM CONSTRUÇÕES E PAVIMENTAÇÃO LTDA";15/04/2026;15/07/2027;853401.25;209732;ATIVO
AQUISIÇÃO;"AQUISIÇÃO DE UNIFORMES ESCOLARES";"SANGELO INDÚSTRIA E COMÉRCIO DE MEIAS LTDA";15/01/2026;15/01/2027;419154.24;207985;ATIVO
AQUISIÇÃO;"AQUISIÇÃO DE COBERTORES";"SAO JOSE ENGENHARIA E COMERCIO LTDA";14/05/2026;13/05/2027;144720.00;210196;ATIVO
AQUISIÇÃO;"AQUISIÇÃO DE HORTIFRÚTIS";"GRB COMERCIO SERVICOS E TRANSPORTE LTDA";14/04/2026;14/04/2027;633104.46;209562;ATIVO
AQUISIÇÃO;"AQUISIÇÃO DE HORTIFRÚTIS";"SUPORTECH COMERCIO E SERVICOS LTDA";14/04/2026;14/04/2027;930023.32;209376;ATIVO
SERVIÇO;"CONTRATAÇÃO DE SERVIÇOS POSTAIS POR MEIO DOS CORREIOS";"EMPRESA BRASILEIRA DE CORREIOS E TELEGRAFOS";14/01/2026;14/01/2031;13619.65;207454;ATIVO
AQUISIÇÃO;"AQUISIÇÃO DE HORTIFRUTIS";"PONTUAL DISTRIBUIDORA DE ALIMENTOS LTDA";14/01/2026;14/01/2027;696123.84;207977;ATIVO
AQUISIÇÃO;"AQUISIÇÃO DE HORTIFRÚTIS";"PONTUAL DISTRIBUIDORA DE ALIMENTOS LTDA";14/01/2026;14/01/2027;247020.00;207489;ATIVO
AQUISIÇÃO;"AQUISIÇÃO DE HORTIFRÚTIS";"SUPORTECH COMERCIO E SERVICOS LTDA";14/01/2026;14/01/2027;195091.68;207586;ATIVO
AQUISIÇÃO;"AQUISIÇÃO DE GÊNEROS ALIMENTÍCIOS - LÁCTEOS E ESPECIAIS";"SUPORTECH COMERCIO E SERVICOS LTDA";14/01/2026;14/01/2027;1545844.16;207934;ATIVO
SERVIÇO;"EXECUÇÃO DE SERVIÇOS DE RECUPERAÇÃO FUNCIONAL DO PAVIMENTO ASFÁLTICO EM DIVERSAS VIAS URBANAS - REGIÃO DO SEGREDO

";"ASFALTEC USINA DE ASFALTO E TECNOLOGIA LTDA";13/05/2026;06/08/2027;4569999.53;209600;ATIVO
LOCAÇÃO;"Locação de imóveis - Imóvel 1: Rua Sete de Setembro, 1.173 - Vila Cidade /Centro (Piso Superior) - Imóvel 2: Rua Padre João Crippa, 972 - Vila Cidade/Centro (ocupação Integral). ";"TS ADMINISTRADORA DE BENS PROPRIOS E PARTICIPACOES LTDA";13/05/2026;13/05/2027;252000.00;210625;ATIVO
"DEMANDA JUDICIAL";"PRESTAÇÃO DE SERVIÇOS HOME CARE";"JC SOLUÇÕES EM SAÚDE DOMICILIAR LTDA";13/04/2026;13/04/2027;204999.86;209163;ATIVO
DIVIDA;"Parcelamento de débitos PASEP em 60 parcelas, referente a competência de 11/2025.";"FUNDO DE AMPARO AO TRABALHADOR";13/01/2026;13/12/2030;3425253.00;208426;ATIVO
AQUISIÇÃO;"AQUISIÇÃO DE MOUSES, TECLADOS E MONITORES
";"VERTICE B2G LTDA";12/05/2026;12/05/2027;17199.80;209317;ATIVO
AQUISIÇÃO;"AQUISIÇÃO DE KITS DE MATERIAL ESCOLAR";"SUPERA  ATACADO DE ARTIGOS DE PAPELARIA LTDA";12/02/2026;12/02/2027;1850746.96;208531;ATIVO
AQUISIÇÃO;"AQUISIÇÃO DE HORTIFRÚTIS";"DJE DISTRIBUIDORA DE ALIMENTOS LTDA";12/01/2026;12/01/2027;54038.80;207608;ATIVO
AQUISIÇÃO;"AQUISIÇÃO DE HORTIFRÚTIS";"IRMÃOS CARDOSO LTDA";12/01/2026;12/01/2027;1590342.90;207470;ATIVO
AQUISIÇÃO;"AQUISIÇÃO DE HORTIFRÚTIS";"FORTALEZA COMERCIAL ATACADISTA LTDA";12/01/2026;12/01/2027;174972.16;207616;ATIVO
AQUISIÇÃO;"AQUISIÇÃO DE HORTIFRÚTIS";"IRMÃOS CARDOSO LTDA";12/01/2026;12/01/2027;51775.88;207624;ATIVO
AQUISIÇÃO;"AQUISIÇÃO DE HORTIFRÚTIS";"GRB COMERCIO SERVICOS E TRANSPORTE LTDA";12/01/2026;12/01/2027;694591.71;207632;ATIVO
AQUISIÇÃO;"AQUISIÇÃO DE HORTIFRÚTIS";"C. L. R. COMÉRCIO DE PRODUTOS DE HIGIENE E LIMPEZA, SANEANTE, GÊNERO ALIM. E MÉDICO HOSP. LTDA";12/01/2026;12/01/2027;477286.30;207594;ATIVO
AQUISIÇÃO;"AQUISIÇÃO DE UNIFORMES ESCOLARES";"GOLTEX INDÚSTRIA E COMÉRCIO LTDA";12/01/2026;12/01/2027;1565592.00;208019;ATIVO
AQUISIÇÃO;"AQUISIÇÃO DE GÊNEROS ALIMENTÍCIOS - PROTEÍNAS CONGELADAS";"POLARIS COMERCIO DE ALIMENTOS LTDA";11/05/2026;11/05/2027;5294705.14;210439;ATIVO
AQUISIÇÃO;"AQUISIÇÃO DE GÊNEROS ALIMENTÍCIOS - PROTEÍNAS CONGELADAS";"CAMPOS COMERCIO E SERVICOS LTDA";11/05/2026;11/05/2027;241276.00;210447;ATIVO
"DEMANDA JUDICIAL";"PRESTAÇÃO DE SERVIÇO HOME CARE";"MED SOLUÇÕES E SERVIÇOS LTDA";11/02/2026;11/02/2027;39216.00;207683;ATIVO
SERVIÇO;"MANUTENÇÃO DE PRÓPRIOS PÚBLICOS ";"FENIX COMERCIO E CONSTRUÇÕES LTDA";10/04/2026;10/07/2027;2019772.60;209724;ATIVO
AQUISIÇÃO;"AQUISIÇÃO DE HORTIFRÚTIS";"IRMÃOS CARDOSO LTDA";10/04/2026;10/04/2027;80334.98;209368;ATIVO
AQUISIÇÃO;"AQUISIÇÃO DE MATERIAIS DE HIGIENE ";"C. L. R. COMÉRCIO DE PRODUTOS DE HIGIENE E LIMPEZA, SANEANTE, GÊNERO ALIM. E MÉDICO HOSP. LTDA";10/03/2026;10/03/2027;147756.01;208973;ATIVO
AQUISIÇÃO;"Aquisição de hortifrutis.";"C. L. R. COMÉRCIO DE PRODUTOS DE HIGIENE E LIMPEZA, SANEANTE, GÊNERO ALIM. E MÉDICO HOSP. LTDA";09/04/2026;09/04/2027;256488.00;209767;ATIVO
AQUISIÇÃO;"Aquisição de equipamentos de informática I";"BT COMÉRCIO INTELIGENTE";09/04/2026;09/04/2027;68670.00;210277;ATIVO
AQUISIÇÃO;"Aquisição de hortifrutis";"GRB COMERCIO SERVICOS E TRANSPORTE LTDA";09/04/2026;09/04/2027;566434.86;209759;ATIVO
AQUISIÇÃO;"AQUISIÇÃO DE KITS DE MATERIAL ESCOLAR";"G & L COMÉRCIO E DISTRIBUIÇÃO LTDA";09/02/2026;09/02/2027;21260.50;208540;ATIVO
AQUISIÇÃO;"AQUISIÇÃO DE PREMIAÇÕES DESTINADAS À TERCEIRA EDIÇÃO DO PROJETO CONTROLADOR JOVEM EM AÇÃO
";"VERTICE B2G LTDA";08/05/2026;08/05/2027;124379.34;210072;ATIVO
DIVIDA;"PARCELAMENTO DE DÉBITOS PASEP EM 60 PARCELAS ,REFERENTE A 02/2026";"FUNDO DE AMPARO AO TRABALHADOR";08/04/2026;31/03/2031;5512832.31;210170;ATIVO
AQUISIÇÃO;"AQUISIÇÃO DE UNIFORMES ESCOLARES";"TOROMAX INDUSTRIA E COMERCIO LTDA";08/01/2026;08/01/2027;389486.00;208027;ATIVO
AQUISIÇÃO;"AQUISIÇÃO DE HORTIFRÚTIS";"C. L. R. COMÉRCIO DE PRODUTOS DE HIGIENE E LIMPEZA, SANEANTE, GÊNERO ALIM. E MÉDICO HOSP. LTDA";08/01/2026;08/01/2027;175943.91;207497;ATIVO
DIVIDA;"Parcelamento de Débitos PASEP em 60 parcelas, referente a 03/2026";"FUNDO DE AMPARO AO TRABALHADOR";07/05/2026;30/04/2031;3899830.34;210781;ATIVO
SERVIÇO;"IMPRESSÃO DOS CADERNOS DOS GRUPOS 4 E 5 E DOS MATERIAIS DE APOIO PARA OS GRUPOS 3, 4 E 5 DA EDUCAÇÃO INFANTIL DA REDE MUNICIPAL DE ENSINO - REME
";"GRÁFICA RÁPIDA E OFF-SET ARTMIX LTDA";07/05/2026;07/05/2027;327899.11;210137;ATIVO
AQUISIÇÃO;"AQUISIÇÃO DE HORTIFRÚTIS";"PONTUAL DISTRIBUIDORA DE ALIMENTOS LTDA";07/04/2026;07/04/2027;174038.20;209350;ATIVO
AQUISIÇÃO;"Aquisição de hortifrutis";"IRMÃOS CARDOSO LTDA";07/04/2026;07/04/2027;326566.51;209740;ATIVO
SERVIÇO;"CONTRATAÇÃO DE SEGURO PREDIAL PARA A ESCOLA MUNICIPAL MAJOR AVIADOR Y-JUCA PIRAMA DE ALMEIDA";"GENTE SEGURADORA S A";07/04/2026;07/04/2027;993.11;208353;ATIVO
SERVIÇO;"Serviço de cópia de chave de carro.";"SOBRAL - CHAVES E CARIMBOS LTDA";07/01/2026;07/01/2027;120453.30;206679;ATIVO
AQUISIÇÃO;"AQUISIÇÃO DE UNIFORMES ESCOLARES";"NILCATEX TEXTIL LTDA";07/01/2026;07/01/2027;19399960.32;208000;ATIVO
AQUISIÇÃO;"AQUISIÇÃO DE MOUSES, TECLADOS E MONITORES
";"NACIONAL COMÉRCIO DE EMBALAGENS LTDA";05/05/2026;05/05/2027;2008.00;209295;ATIVO
AQUISIÇÃO;"AQUISIÇÃO DE MOUSES, TECLADOS E MONITORES
";"COMERCIAL LUANE LTDA";05/05/2026;05/05/2027;639.00;209309;ATIVO
AQUISIÇÃO;"Aquisição de ovos.";"MCP - COMERCIO E DISTRIBUIDORA DE ALIMENTOS";05/03/2026;05/03/2027;306580.00;208710;ATIVO
AQUISIÇÃO;"Aquisição de cesta básica";"UEDER SILVA FEITOSA LTDA";05/03/2026;05/03/2027;5258454.72;208752;ATIVO
DIVIDA;"Parcelamento de Débitos PASEP em 60 parcelas, referente a competência de 01/2026";"FUNDO DE AMPARO AO TRABALHADOR";05/03/2026;28/02/2031;5164421.54;209333;ATIVO
SERVIÇO;"Manutenção de pavimento asfáltico, recomposição de de capa asfáltica.";"RR BARROS SERVIÇOS E CONSTRUÇÕES LTDA";05/01/2026;05/01/2027;7210847.64;208566;ATIVO
SERVIÇO;"MANUTENÇÃO DE PAVIMENTO ASFÁLTICO , RECOMPOSIÇÃO DE CAPA ASFÁLTICA";"CONSTRUTORA RIAL LTDA";05/01/2026;05/01/2027;9037564.25;208574;ATIVO
SERVIÇO;"CONTRATAÇÃO DE EMPRESA ESPECIALIZADA PARA O FORNECIMENTO DE LINK DE INTERNET DE 2  GBPS  (LINK  CONECTA  CAMPO  GRANDE)  COM  100%  DE  GARANTIA  DE  BANDA  E  FORNECIMENTO  DE  ROTEADORES

";"ACESSOLINE TELECOMUNICAÇÕES LTDA";04/03/2026;04/03/2027;25560.00;207799;ATIVO
AQUISIÇÃO;"AQUISIÇÃO DE KITS DE MATERIAL ESCOLAR";"MASTER INDUSTRIA E COMERCIO LTDA FILIAL";04/03/2026;04/03/2027;56248.00;208523;ATIVO
"DEMANDA JUDICIAL";"PRESTAÇÃO DE SERVIÇOS DE HOME CARE";"HOPE HOME CARE LTDA";04/02/2026;04/02/2027;78996.95;208043;ATIVO
"DEMANDA JUDICIAL";"PRESTAÇÃO DE SERVIÇO HOME CARE";"HOPE HOME CARE LTDA";04/02/2026;04/02/2027;30489.85;208264;ATIVO
"DEMANDA JUDICIAL";"PRESTAÇÃO DE SERVIÇO HOME CARE";"HOPE HOME CARE LTDA";04/02/2026;04/02/2027;65498.95;208272;ATIVO
AQUISIÇÃO;"Aquisição de pães de hot dog";"C. L. R. COMÉRCIO DE PRODUTOS DE HIGIENE E LIMPEZA, SANEANTE, GÊNERO ALIM. E MÉDICO HOSP. LTDA";02/03/2026;02/03/2027;1551102.26;208833;ATIVO
AQUISIÇÃO;"Fornecimento de ovos.";"IRMÃOS CARDOSO LTDA";02/03/2026;02/03/2027;306585.00;208728;ATIVO
DIVIDA;"Parcelamento de débitos relativos a PASEP 2026, competência 12/2025";"FUNDO DE AMPARO AO TRABALHADOR";02/02/2026;31/01/2031;4650000.00;208701;ATIVO
DIVIDA;"Parcelamento de débitos relativos a INSS 2026";"INSTITUTO NACIONAL DO SEGURO SOCIAL";02/02/2026;31/01/2031;12900000.00;208698;ATIVO
SERVIÇO;"Serviço por intermédio de operadora ou agência de viagens, para cotação, reserva, emissão.";"EASYCRED SERVICOS DE CREDITO E TURISMO EIRELI";01/04/2026;01/04/2031;1515629.25;208825;ATIVO
